{"지역":"강릉송정","개수":350,"무게(kg)":4.9,"위도":37.780492,"경도":128.937004}
{"지역":"강화여차리","개수":511,"무게(kg)":25.1,"위도":37.608986,"경도":126.381675}
{"지역":"거제두모","개수":3746,"무게(kg)":33.8,"위도":34.980744,"경도":128.694945}
{"지역":"고성하일","개수":1710,"무게(kg)":21.8,"위도":34.921785,"경도":128.200813}
{"지역":"고창동호","개수":229,"무게(kg)":99.2,"위도":35.509748,"경도":126.478398}
{"지역":"고흥신흥","개수":452,"무게(kg)":23.2,"위도":34.585133,"경도":127.14555}
{"지역":"고흥염포","개수":435,"무게(kg)":18.3,"위도":34.433053,"경도":127.491657}
{"지역":"군산선유도","개수":45,"무게(kg)":3.8,"위도":35.824958,"경도":126.411863}
{"지역":"남해유구","개수":188,"무게(kg)":26.5,"위도":34.748905,"경도":127.851592}
{"지역":"당진석문","개수":159,"무게(kg)":1.8,"위도":37.035635,"경도":126.540821}
{"지역":"동해노봉","개수":823,"무게(kg)":18.3,"위도":37.59117,"경도":129.093693}
{"지역":"마산봉암","개수":965,"무게(kg)":19.6,"위도":35.21543,"경도":128.62396}
{"지역":"보령삽시도","개수":677,"무게(kg)":5.1,"위도":36.33092,"경도":126.35338}
{"지역":"보령석대도","개수":138,"무게(kg)":50.1,"위도":36.244177,"경도":126.520701}
{"지역":"부산가덕도","개수":3383,"무게(kg)":52.1,"위도":35.060029,"경도":128.846417}
{"지역":"부산일광","개수":2675,"무게(kg)":36.2,"위도":35.252181,"경도":129.252428}
{"지역":"부산해양대","개수":800,"무게(kg)":22.9,"위도":35.075179,"경도":129.091104}
{"지역":"부안변산","개수":97,"무게(kg)":39.0,"위도":35.686664,"경도":126.532845}
{"지역":"사천아두도","개수":325,"무게(kg)":28.3,"위도":34.901331,"경도":128.059059}
{"지역":"서천다사항","개수":131,"무게(kg)":56.1,"위도":36.108983,"경도":126.606063}
{"지역":"속초청초","개수":1725,"무게(kg)":13.5,"위도":38.199581,"경도":128.596974}
{"지역":"시흥정왕","개수":790,"무게(kg)":4.8,"위도":37.338454,"경도":126.691824}
{"지역":"신안고장","개수":971,"무게(kg)":20.0,"위도":35.0331609,"경도":126.1397505}
{"지역":"신안압해도","개수":1157,"무게(kg)":98.9,"위도":34.859067,"경도":126.23169}
{"지역":"신안우이도","개수":3497,"무게(kg)":1238.0,"위도":36.616156,"경도":125.827114}
{"지역":"신안임자도","개수":119,"무게(kg)":7.1,"위도":35.139805,"경도":126.115743}
{"지역":"신안흑산도","개수":2733,"무게(kg)":219.8,"위도":34.682345,"경도":125.407616}
{"지역":"안산말부흥","개수":50,"무게(kg)":0.5,"위도":37.208959,"경도":126.615005}
{"지역":"여수거문도","개수":4207,"무게(kg)":74.4,"위도":34.055286,"경도":127.294675}
{"지역":"여수반월","개수":246,"무게(kg)":6.8,"위도":34.807,"경도":127.557}
{"지역":"여수백야도","개수":525,"무게(kg)":11.6,"위도":34.612064,"경도":127.642289}
{"지역":"여수안도","개수":11420,"무게(kg)":253.5,"위도":34.490179,"경도":127.813016}
{"지역":"영광백바위","개수":442,"무게(kg)":117.3,"위도":35.244286,"경도":126.306748}
{"지역":"영덕고래불","개수":596,"무게(kg)":9.8,"위도":36.591025,"경도":129.410222}
{"지역":"완도보길도","개수":1693,"무게(kg)":38.4,"위도":34.155616,"경도":126.50965}
{"지역":"완도신지도","개수":743,"무게(kg)":42.5,"위도":34.328266,"경도":126.778462}
{"지역":"완도평일도","개수":806,"무게(kg)":85.0,"위도":34.334504,"경도":127.067825}
{"지역":"울릉현포","개수":2287,"무게(kg)":250.5,"위도":37.52323,"경도":130.814637}
{"지역":"울산대왕암","개수":2280,"무게(kg)":27.7,"위도":35.49027,"경도":129.43975}
{"지역":"울산주전","개수":1380,"무게(kg)":13.6,"위도":35.568184,"경도":129.454903}
{"지역":"울주나사리","개수":1158,"무게(kg)":46.0,"위도":35.35524,"경도":129.33414}
{"지역":"울진후정","개수":395,"무게(kg)":4.9,"위도":37.070929,"경도":129.415193}
{"지역":"인천백령도","개수":812,"무게(kg)":78.0,"위도":37.951618,"경도":124.720306}
{"지역":"인천영종도","개수":74,"무게(kg)":1.0,"위도":37.44253,"경도":126.389548}
{"지역":"인천영흥도","개수":46,"무게(kg)":0.7,"위도":37.271199,"경도":126.494067}
{"지역":"제주김녕리","개수":2494,"무게(kg)":137.6,"위도":33.565625,"경도":126.76504}
{"지역":"제주사계리","개수":827,"무게(kg)":18.8,"위도":33.222638,"경도":126.296772}
{"지역":"제주위미","개수":902,"무게(kg)":14.8,"위도":33.26946,"경도":126.652471}
{"지역":"진도가사도","개수":1349,"무게(kg)":225.0,"위도":34.492353,"경도":126.051571}
{"지역":"진도하조도","개수":309,"무게(kg)":24.9,"위도":34.281556,"경도":126.070983}
{"지역":"태안백리포","개수":1359,"무게(kg)":49.8,"위도":36.812988,"경도":126.155335}
{"지역":"태안안면도","개수":2502,"무게(kg)":60.0,"위도":36.412261,"경도":126.377562}
{"지역":"통영망일봉","개수":1215,"무게(kg)":16.0,"위도":34.844176,"경도":128.443624}
{"지역":"통영욕지도","개수":2563,"무게(kg)":47.9,"위도":34.62283,"경도":128.242944}
{"지역":"포항구룡포","개수":4064,"무게(kg)":87.0,"위도":36.0636,"경도":129.57429}
{"지역":"포항칠포","개수":1937,"무게(kg)":75.8,"위도":36.134242,"경도":129.397924}
{"지역":"해남묵동리","개수":221,"무게(kg)":15.4,"위도":34.353221,"경도":126.610432}
{"지역":"해남송평","개수":327,"무게(kg)":71.9,"위도":34.447242,"경도":126.457998}
{"지역":"해남예락","개수":292,"무게(kg)":58.3,"위도":34.614639,"경도":126.282564}
{"지역":"화성서신","개수":124,"무게(kg)":1.5,"위도":37.120018,"경도":126.68521}
